CLIENT_ID,FIRST_NAME,LAST_NAME,EMAIL,ADDRESS,PHONE_NUMBER,CITY,STATE,ZIP_CODE
1,Selig,Rewcassell,srewcassell0@dropbox.com,81166 Chinook Center,212-352-1784,Brooklyn,New York,11247
2,Dorian,Lingfoot,dlingfoot1@mayoclinic.com,2512 Badeau Place,704-708-5983,Charlotte,North Carolina,28242
3,Gordie,Rosekilly,grosekilly2@opera.com,8300 Schiller Hill,256-809-9651,Huntsville,Alabama,35815
4,Olenka,Wince,owince3@smugmug.com,8967 Blackbird Trail,661-966-6604,Van Nuys,California,91411
5,Rowen,Harry,rharry4@illinois.edu,7845 7th Trail,516-678-9926,Great Neck,New York,11024
6,Allegra,Cosby,acosby5@altervista.org,76 Susan Park,713-718-8793,Humble,Texas,77346
7,Taylor,Vail,tvail6@ftc.gov,85218 Charing Cross Alley,281-191-7574,Katy,Texas,77493
8,Shandy,Lovegrove,slovegrove7@skype.com,3016 Kinsman Court,972-381-7271,Dallas,Texas,75251
9,Garry,Raselles,graselles8@hp.com,16118 Bellgrove Point,781-439-1860,Lynn,Massachusetts,1905
10,Isaac,Mellows,imellows9@themeforest.net,665 Birchwood Parkway,386-532-1361,Daytona Beach,Florida,32123
11,Eddie,Erskin,eerskina@twitpic.com,87048 Nova Trail,608-909-7433,Madison,Wisconsin,53779
12,Seamus,Oloman,solomanb@marketwatch.com,3 Buhler Hill,413-119-1095,Springfield,Massachusetts,1114
13,Matelda,Caswill,mcaswillc@geocities.com,590 Pennsylvania Plaza,818-711-4226,Santa Monica,California,90405
14,Felice,Hainsworth,fhainsworthd@gmpg.org,85 Derek Terrace,303-363-4365,Arvada,Colorado,80005
15,Reade,Scole,rscolee@google.pl,8504 Comanche Way,602-940-3551,Scottsdale,Arizona,85255
16,Alair,Allibon,aallibonf@wikipedia.org,7888 Morningstar Drive,941-919-4289,Sarasota,Florida,34276
17,Whitney,Klimmek,wklimmekg@amazon.co.uk,5 Kennedy Pass,509-166-7804,Spokane,Washington,99220
18,Halie,Snead,hsneadh@nymag.com,09685 Comanche Lane,212-421-0798,New York City,New York,10120
19,Druci,Mathan,dmathani@squarespace.com,193 Annamark Parkway,805-535-0497,Simi Valley,California,93094
20,Craig,Cullin,ccullinj@ow.ly,5085 Starling Trail,317-974-6917,Indianapolis,Indiana,46278
21,Keen,Whiteson,kwhitesonk@npr.org,5785 North Avenue,206-269-0713,Seattle,Washington,98127
22,Rachael,Brumham,rbrumhaml@livejournal.com,57 Fulton Park,212-541-9727,New York City,New York,10110
23,Adelle,Shipway,ashipwaym@mit.edu,4 Clarendon Terrace,832-923-0345,Spring,Texas,77386
24,Marisa,Mardee,mmardeen@spiegel.de,5 Glacier Hill Court,843-173-0020,Charleston,South Carolina,29411
25,Becca,Adame,badameo@paypal.com,17655 Randy Place,202-405-3696,Washington,District of Columbia,20397
26,Clevie,Featonby,cfeatonbyp@nps.gov,90254 Kropf Hill,234-925-8999,Akron,Ohio,44393
27,Costanza,Gossart,cgossartq@ucoz.com,4 South Pass,330-683-8419,Akron,Ohio,44310
28,Jefferey,Cord,jcordr@senate.gov,6649 Rutledge Junction,626-206-7104,Pasadena,California,91125
29,Leelah,Cathel,lcathels@howstuffworks.com,128 Packers Avenue,330-634-2401,Canton,Ohio,44710
30,Carry,Jindrich,cjindricht@ocn.ne.jp,00 Old Shore Hill,404-124-5959,Atlanta,Georgia,31132
